player,n_events,sg_total,sg_ott,sg_app,sg_arg,sg_putt,made_cut_rate,wins,top10s,cluster_abs,cluster_res,stability_abs,stability_res
Aaron Baddeley,117,-0.39803418803418805,-0.6582905982905982,-0.2864957264957265,0.37632478632478633,0.17982905982905983,0.5042735042735043,1,6,2,3,0.89,0.86
Aaron Rai,23,0.06695652173913041,0.1617391304347826,0.03999999999999998,-0.007826086956521741,-0.12739130434782608,0.6521739130434783,0,1,0,0,0.93,0.515
Aaron Wise,97,0.15391752577319587,0.28855670103092784,0.08206185567010309,0.013711340206185568,-0.251340206185567,0.6391752577319587,1,11,0,2,0.96,0.92
Abraham Ancer,107,0.2944859813084112,0.3482242990654205,0.0725233644859813,-0.08757009345794393,-0.04794392523364486,0.7289719626168224,1,17,0,0,0.92,0.735
Adam Hadwin,147,0.2164625850340136,0.027074829931972785,-0.06204081632653061,0.033605442176870746,0.236734693877551,0.7346938775510204,1,22,2,0,0.755,0.585
Adam Long,92,-0.3214130434782609,-0.0018478260869565174,-0.12358695652173912,-0.18608695652173915,-0.019239130434782606,0.5543478260869565,1,4,1,0,0.56,0.91
Adam Schenk,113,-0.2245132743362832,0.10309734513274336,-0.1669911504424779,-0.25132743362831855,0.10168141592920354,0.5752212389380531,0,6,1,0,0.615,0.895
Adam Scott,91,0.8402197802197802,0.23164835164835162,0.5551648351648352,0.015934065934065936,0.03417582417582418,0.8351648351648352,2,23,0,2,0.91,0.825
Adam Svensson,43,-0.11302325581395352,0.11372093023255815,0.33162790697674416,-0.01697674418604651,-0.5344186046511628,0.5348837209302325,0,2,0,2,0.885,0.975
Akshay Bhatia,14,-0.9035714285714286,-0.15357142857142855,0.13142857142857142,-0.20857142857142857,-0.6742857142857143,0.2857142857142857,0,1,1,2,0.55,0.985
Alex Cejka,98,-0.5190816326530613,-0.13877551020408163,-0.1839795918367347,0.17020408163265305,-0.3713265306122449,0.5102040816326531,0,5,2,3,0.68,0.505
Alex Prugh,47,-0.34297872340425534,0.2927659574468085,-0.19787234042553192,-0.2772340425531915,-0.16170212765957445,0.5319148936170213,0,2,1,0,0.77,0.84
Alex Smalley,22,-0.25909090909090904,0.26545454545454544,-0.023636363636363636,-0.17454545454545453,-0.31272727272727274,0.5909090909090909,0,1,0,2,0.72,0.645
Alexander Noren,81,0.30493827160493825,-0.09506172839506172,-0.14555555555555555,0.18987654320987654,0.29234567901234565,0.7777777777777778,0,11,2,3,0.915,0.595
Anders Albertson,22,-0.8822727272727273,-0.2831818181818182,0.049090909090909095,-0.17909090909090908,-0.4677272727272727,0.3181818181818182,0,1,1,2,0.62,0.875
Andres Gonzales,58,-0.9372413793103448,-0.40120689655172415,-0.42758620689655175,-0.08396551724137931,-0.023620689655172392,0.46551724137931033,0,3,2,3,0.76,0.68
Andres Romero,42,-0.7259523809523809,-0.12714285714285714,-0.5016666666666667,-0.11833333333333335,0.020476190476190474,0.4523809523809524,0,1,2,1,0.715,0.81
Andrew Landry,104,-0.7604807692307692,0.1321153846153846,-0.37288461538461537,-0.28240384615384617,-0.22288461538461538,0.5480769230769231,2,9,1,0,0.945,0.82
Andrew Loupe,53,-1.7184905660377359,-0.3713207547169811,-0.45660377358490567,-0.4960377358490566,-0.3928301886792453,0.3018867924528302,0,2,1,0,0.695,0.89
Andrew Putnam,111,-0.43837837837837834,-0.7128828828828828,-0.05189189189189189,0.06891891891891892,0.26495495495495497,0.5495495495495496,0,9,2,3,0.89,0.96
Andy Sullivan,15,-0.5586666666666666,-0.23933333333333331,-0.436,-0.12533333333333335,0.23999999999999996,0.4666666666666667,0,0,2,1,0.805,0.745
Anirban Lahiri,115,-0.5036521739130435,0.03921739130434782,-0.35156521739130436,0.012695652173913042,-0.22660869565217392,0.5478260869565217,0,8,2,1,0.545,0.625
Arjun Atwal,33,-1.1818181818181819,-0.48939393939393944,-0.4303030303030303,0.09636363636363637,-0.35848484848484846,0.36363636363636365,0,0,2,3,0.785,0.905
Austin Cook,104,-0.4009615384615385,-0.004711538461538452,-0.42461538461538456,-0.050288461538461546,0.019615384615384625,0.5384615384615384,1,5,2,1,0.77,0.76
Beau Hossler,110,-0.35163636363636364,0.02009090909090909,-0.6579999999999999,-0.11199999999999999,0.39718181818181814,0.6545454545454545,0,9,2,1,0.785,0.86
Ben Crane,87,-0.66,-0.2605747126436782,-0.412183908045977,0.06206896551724137,-0.024942528735632182,0.5057471264367817,0,2,2,1,0.93,0.54
Ben Martin,100,-0.3489,0.012000000000000002,0.03560000000000001,-0.2726,-0.12330000000000002,0.58,1,8,1,0,0.635,0.725
Ben Taylor,26,-0.7961538461538461,-0.46384615384615385,-0.23153846153846153,-0.17461538461538464,0.0726923076923077,0.38461538461538464,0,0,2,3,0.785,0.86
Benjamin Silverman,45,-0.5331111111111111,0.10222222222222221,-0.43977777777777777,-0.10288888888888889,-0.09177777777777778,0.5111111111111111,0,2,1,1,0.625,0.63
Bernd Wiesberger,31,-0.18064516129032257,0.02741935483870968,0.17838709677419354,0.20129032258064514,-0.5893548387096774,0.6129032258064516,0,1,0,2,0.88,0.975
Bill Haas,127,-0.20511811023622048,-0.12102362204724411,-0.06385826771653542,0.26433070866141734,-0.277244094488189,0.5905511811023622,0,10,2,3,0.7,0.62
Billy Horschel,137,0.5782481751824817,0.3302189781021898,0.07364963503649635,-0.13328467153284673,0.29846715328467155,0.7883211678832117,2,30,0,0,0.76,0.925
Blayne Barber,73,-0.38027397260273976,0.041917808219178086,-0.23191780821917807,-0.21164383561643835,0.02205479452054795,0.5068493150684932,0,3,1,0,0.615,0.88
Bo Hoag,50,-0.5112,-0.0444,-0.2994,-0.0424,-0.2184,0.48,0,1,2,1,0.46,0.5
Bo Van Pelt,58,-1.5836206896551723,-0.3860344827586207,-0.6098275862068965,-0.17775862068965517,-0.4265517241379311,0.41379310344827586,0,2,3,1,0.455,0.605
Boo Weekley,62,-0.37258064516129036,0.48661290322580647,0.12225806451612901,-0.28258064516129033,-0.6993548387096774,0.532258064516129,0,4,0,2,0.585,0.92
Brady Schnell,18,-1.077777777777778,-0.4388888888888889,-0.38555555555555554,-0.1988888888888889,-0.054444444444444434,0.2777777777777778,0,0,2,3,0.525,0.815
Branden Grace,100,-0.05979999999999999,0.0637,0.0418,0.1255,-0.3192,0.63,1,14,0,2,0.905,0.915
Brandon Hagy,94,-0.7662765957446809,0.1575531914893617,-0.6239361702127659,-0.12989361702127658,-0.12829787234042553,0.425531914893617,0,3,1,1,0.775,0.735
Brandon Harkins,49,-0.4253061224489796,0.10367346938775511,-0.08836734693877552,-0.16693877551020408,-0.2879591836734694,0.6122448979591837,0,2,1,0,0.515,0.465
Brandon Stone,11,-2.65,-0.11363636363636363,-1.1981818181818182,-1.2345454545454546,-0.1027272727272727,0.45454545454545453,0,0,1,0,0.62,0.71
Brandon Wu,22,-0.8136363636363637,-0.145,-0.255,-0.3513636363636364,-0.1109090909090909,0.45454545454545453,0,1,1,0,0.875,0.91
Brandt Snedeker,136,0.22022058823529408,-0.23875,-0.09977941176470588,0.27308823529411763,0.26933823529411766,0.7132352941176471,3,22,2,3,0.94,0.895
Brendan Steele,133,0.05736842105263156,0.392406015037594,0.14691729323308272,-0.12225563909774434,-0.3762406015037594,0.6992481203007519,2,13,0,2,0.93,0.91
Brendon De Jonge,70,-0.9148571428571429,-0.5507142857142857,-0.2837142857142857,-0.1327142857142857,0.0522857142857143,0.38571428571428573,0,1,2,3,0.73,0.9
Brendon Todd,111,-0.39414414414414417,-0.4393693693693694,-0.5331531531531531,0.17072072072072073,0.4118918918918919,0.5495495495495496,0,8,2,1,0.885,0.53
Brett Stegmaier,55,-0.8770909090909091,-0.13218181818181818,-0.0829090909090909,-0.452,-0.21072727272727274,0.4909090909090909,0,3,1,0,0.935,0.76
Brian Davis,37,-1.2891891891891893,-0.28783783783783784,-0.6321621621621621,-0.035675675675675686,-0.33405405405405403,0.40540540540540543,0,2,3,1,0.37,0.83
Brian Gay,133,-0.6918045112781955,-0.4524812030075188,-0.5817293233082708,0.08233082706766917,0.277593984962406,0.5112781954887218,0,12,2,1,0.85,0.555
Brian Harman,164,0.13926829268292684,0.1521951219512195,-0.3520121951219512,0.15823170731707317,0.1700609756097561,0.6951219512195121,1,23,2,1,0.81,0.855
Brian Stuard,174,-0.2861494252873563,-0.2325287356321839,-0.024367816091954018,0.046206896551724136,-0.09908045977011494,0.5747126436781609,0,12,2,3,0.91,0.78
Brice Garnett,131,-0.4953435114503817,0.07961832061068704,-0.36442748091603056,-0.15847328244274808,-0.04328244274809159,0.48854961832061067,0,2,1,0,0.655,0.53
Bronson Burgoon,102,-0.49254901960784314,0.002745098039215684,-0.10931372549019608,-0.23215686274509803,-0.16578431372549018,0.47058823529411764,0,3,1,0,0.725,0.9
Brooks Koepka,111,0.7972072072072072,0.49495495495495495,0.13594594594594592,0.027927927927927927,0.13846846846846847,0.7747747747747747,5,32,0,0,0.89,0.9
Bryson DeChambeau,104,0.8142307692307693,0.6270192307692307,0.15201923076923077,-0.013653846153846157,0.04817307692307692,0.7403846153846154,8,33,0,0,0.92,0.7
Bubba Watson,106,0.32764150943396225,0.6901886792452829,0.027830188679245284,-0.17660377358490564,-0.2141509433962264,0.7358490566037735,3,22,0,0,0.935,0.555
Bud Cauley,90,0.12233333333333334,-0.0391111111111111,0.1938888888888889,0.205,-0.2378888888888889,0.6666666666666666,0,12,0,2,0.845,0.69
Byeong Hun An,102,-0.08068627450980394,0.20254901960784313,0.1369607843137255,0.2788235294117647,-0.6988235294117647,0.7058823529411765,0,14,0,2,0.875,0.98
C.T. Pan,116,-0.09939655172413794,0.00474137931034483,0.08499999999999999,0.05818965517241379,-0.2711206896551724,0.6120689655172413,1,10,0,2,0.91,0.88
Cameron Champ,84,-0.753095238095238,0.6691666666666667,-0.37333333333333335,-0.49107142857142855,-0.5051190476190476,0.5357142857142857,3,8,1,0,0.85,0.65
Cameron Davis,83,0.009156626506024104,0.12096385542168674,0.11385542168674698,-0.14433734939759035,-0.05216867469879518,0.6506024096385542,1,7,0,0,0.91,0.715
Cameron Percy,91,-0.2820879120879121,-0.10175824175824176,0.1657142857142857,-0.09483516483516484,-0.23538461538461536,0.5824175824175825,0,4,0,2,0.89,0.79
Cameron Smith,127,-0.004409448818897638,-0.19464566929133859,-0.0894488188976378,0.16015748031496063,0.12299212598425198,0.6771653543307087,3,19,2,3,0.95,0.885
Cameron Tringale,146,-0.1684931506849315,-0.4645205479452054,0.16856164383561645,0.1752054794520548,-0.033219178082191776,0.6232876712328768,0,13,2,3,0.94,0.985
Cameron Young,20,0.6839999999999999,0.6729999999999999,-0.22149999999999997,0.13899999999999998,-0.059,0.6,0,5,0,0,0.905,0.53
Camilo Villegas,102,-0.6098039215686275,-0.48343137254901963,-0.14852941176470588,0.1923529411764706,-0.17676470588235296,0.5196078431372549,0,4,2,3,0.905,0.97
Carl Pettersson,69,-1.942173913043478,-0.9688405797101448,-0.7408695652173912,-0.2055072463768116,-0.02536231884057972,0.3188405797101449,0,2,3,3,0.64,0.79
Carlos Ortiz,124,-0.3633064516129032,0.03653225806451613,-0.20798387096774193,-0.09508064516129033,-0.10201612903225807,0.5564516129032258,1,7,2,0,0.42,0.79
Chad Campbell,98,-0.4764285714285715,-0.08530612244897959,0.0679591836734694,0.08204081632653062,-0.5414285714285715,0.5102040816326531,0,6,0,2,0.82,0.97
Chad Collins,69,-0.8323188405797102,-0.668695652173913,-0.31144927536231887,0.3279710144927536,-0.17884057971014491,0.36231884057971014,0,3,2,3,0.88,0.915
Chan Kim,12,-0.6475000000000001,0.27666666666666667,0.21583333333333332,-0.018333333333333313,-0.9783333333333334,0.4166666666666667,0,0,0,2,0.725,0.98
Charl Schwartzel,100,-0.19150000000000003,-0.1681,0.019,0.1207,-0.1558,0.6,1,15,2,3,0.755,0.64
Charles Howell III,139,0.3367625899280575,0.19107913669064747,-0.0633093525179856,0.2149640287769784,-0.01021582733812949,0.762589928057554,1,19,0,1,0.58,0.5
Charley Hoffman,141,0.11602836879432624,0.2156028368794326,0.14553191489361703,-0.15730496453900708,-0.08865248226950355,0.6950354609929078,1,14,0,0,0.935,0.58
Charlie Beljan,40,-2.3255,0.446,-0.7702500000000001,-0.48274999999999996,-1.519,0.25,0,1,1,2,0.665,0.885
Chase Seiffert,44,-0.25636363636363635,-0.08454545454545453,0.12795454545454546,-0.19386363636363638,-0.08159090909090912,0.5,0,3,0,0,0.55,0.575
Chase Wright,22,-0.3568181818181818,0.14954545454545454,-0.3145454545454545,-0.40727272727272723,0.21363636363636365,0.45454545454545453,0,2,1,0,0.79,0.83
Chesson Hadley,146,-0.4595890410958904,-0.1473972602739726,0.010753424657534252,-0.2827397260273973,-0.011232876712328768,0.5547945205479452,0,11,1,0,0.64,0.82
Chez Reavie,151,0.09403973509933775,0.1103973509933775,0.32165562913907286,-0.13649006622516555,-0.23006622516556294,0.6357615894039735,1,16,0,2,0.955,0.88
Chris Baker,29,-0.47655172413793107,0.26586206896551723,0.044137931034482755,-0.10172413793103448,-0.6848275862068965,0.4482758620689655,0,0,0,2,0.655,0.96
Chris Kirk,132,0.1636363636363636,0.02393939393939394,0.24462121212121213,0.15992424242424244,-0.25,0.696969696969697,0,15,0,2,0.935,0.92
Chris Stroud,117,-0.9034188034188034,-0.33683760683760683,-0.23162393162393163,-0.02606837606837607,-0.32529914529914533,0.42735042735042733,0,5,2,3,0.785,0.695
Chris Thompson,16,-1.16875,-0.11874999999999998,-0.5875,-0.0975,-0.363125,0.3125,0,0,1,1,0.785,0.75
Christiaan Bezuidenhout,30,0.5903333333333334,-0.22466666666666668,0.23566666666666666,0.131,0.517,0.8,0,1,2,3,0.83,0.875
Cody Gribble,68,-1.2110294117647058,-0.39779411764705885,-0.6257352941176472,-0.1686764705882353,-0.01882352941176471,0.39705882352941174,1,2,3,1,0.375,0.8
Collin Morikawa,57,0.9673684210526315,0.3907017543859649,0.8340350877192982,-0.02929824561403509,-0.22649122807017544,0.8596491228070176,3,20,0,2,0.95,0.925
Colt Knost,53,-0.49471698113207546,-0.14471698113207548,-0.34358490566037736,-0.30679245283018863,0.30056603773584906,0.49056603773584906,0,3,2,0,0.545,0.575
Corey Conners,105,0.27799999999999997,0.5459047619047619,0.3916190476190476,-0.1706666666666667,-0.4564761904761905,0.7333333333333333,1,11,0,2,0.935,0.92
Curtis Luck,29,-1.3306896551724139,-0.48724137931034484,-0.786551724137931,-0.1382758620689655,0.08137931034482758,0.3448275862068966,0,1,3,1,0.43,0.77
Curtis Thompson,15,-0.8133333333333334,0.17066666666666663,-0.5466666666666667,-0.214,-0.09933333333333333,0.4,0,0,1,1,0.875,0.57
D.A. Points,98,-1.2234693877551022,-0.838469387755102,-0.14091836734693877,-0.05775510204081631,-0.20448979591836733,0.336734693877551,0,1,2,3,0.72,0.99
D.J. Trahan,59,-0.968813559322034,-0.12932203389830507,-0.02474576271186441,-0.14745762711864407,-0.6486440677966102,0.3898305084745763,0,3,1,2,0.575,0.985
Daniel Berger,131,0.7077099236641221,0.27999999999999997,0.4162595419847328,-0.07114503816793893,0.08106870229007634,0.7862595419847328,4,32,0,0,0.905,0.46
Daniel Chopra,14,-1.8592857142857144,-0.87,-0.7428571428571429,0.031428571428571424,-0.27499999999999997,0.21428571428571427,0,0,3,3,0.615,0.805
Daniel Summerhays,73,-0.44219178082191785,-0.32260273972602743,-0.44780821917808217,-0.1736986301369863,0.5009589041095891,0.684931506849315,0,5,2,1,0.795,0.685
Danny Lee,171,-0.5973099415204678,-0.14789473684210525,-0.09280701754385966,-0.20116959064327486,-0.1807017543859649,0.5497076023391813,0,15,1,0,0.685,0.695
Danny Willett,63,-0.6414285714285715,-0.16380952380952382,-0.22603174603174603,0.024603174603174606,-0.2768253968253968,0.5238095238095238,0,2,2,3,0.785,0.535
David Hearn,126,-0.4518253968253968,-0.3038095238095238,-0.0007142857142856991,-0.08103174603174604,-0.07801587301587301,0.48412698412698413,0,6,2,3,0.91,0.76
David Lingmerth,89,-0.4358426966292135,-0.10269662921348316,-0.16865168539325842,-0.06449438202247192,-0.0989887640449438,0.5617977528089888,1,5,2,0,0.725,0.565
David Lipsky,27,-0.18037037037037035,-0.2903703703703704,0.17222222222222225,0.07481481481481482,-0.18407407407407408,0.7037037037037037,0,3,2,3,0.73,0.64
Davis Love III,63,-1.301904761904762,-0.1838095238095238,-0.41698412698412696,-0.1707936507936508,-0.5173015873015873,0.4126984126984127,1,3,1,2,0.8,0.385
Davis Riley,26,0.10115384615384622,0.14500000000000002,-0.16346153846153846,-0.09538461538461537,0.02076923076923078,0.6923076923076923,0,4,2,0,0.395,0.86
Davis Thompson,11,-0.3227272727272727,-0.09545454545454542,0.3281818181818182,-0.034545454545454546,-0.5081818181818182,0.5454545454545454,0,0,0,2,0.875,0.985
Denny McCarthy,107,0.10336448598130842,-0.09242990654205609,-0.4085046728971963,0.06644859813084113,0.5259813084112149,0.616822429906542,0,10,2,1,0.91,0.83
Derek Ernst,46,-1.2823913043478259,0.31869565217391305,-0.8130434782608695,-0.1358695652173913,-0.6526086956521739,0.34782608695652173,0,0,1,1,0.79,0.645
Derek Fathauer,87,-1.2324137931034482,-0.6309195402298851,-0.4924137931034483,-0.18344827586206897,0.07459770114942528,0.47126436781609193,0,1,3,3,0.39,0.77
Doc Redman,72,-0.22277777777777777,0.1315277777777778,0.17527777777777775,-0.33069444444444446,-0.25486111111111115,0.5833333333333334,0,5,1,2,0.49,0.67
Dominic Bozzelli,72,-1.0745833333333334,-0.4791666666666667,-0.6620833333333334,-0.12055555555555555,0.18736111111111114,0.4861111111111111,0,5,2,1,0.565,0.7
Doug Ghim,62,-0.2062903225806452,0.03161290322580646,0.11080645161290323,0.09451612903225808,-0.4625806451612903,0.5806451612903226,0,2,0,2,0.88,0.98
Dustin Johnson,108,1.3597222222222223,0.7305555555555556,0.41962962962962963,0.05305555555555555,0.1635185185185185,0.8611111111111112,12,51,0,0,0.91,0.555
Dylan Frittelli,91,-0.20164835164835165,0.04846153846153845,-0.12417582417582416,0.0856043956043956,-0.2467032967032967,0.6263736263736264,1,5,0,2,0.65,0.43
Dylan Meyer,13,-1.1015384615384618,-0.15846153846153846,-0.27076923076923076,-0.48615384615384616,-0.18615384615384611,0.46153846153846156,0,0,1,0,0.91,0.94
Dylan Wu,15,-0.3013333333333333,-0.21066666666666667,-0.3653333333333333,-0.16666666666666666,0.19933333333333333,0.5333333333333333,0,0,2,1,0.775,0.595
Emiliano Grillo,120,0.10508333333333332,0.3469166666666667,0.38883333333333336,-0.2603333333333333,-0.35866666666666663,0.7,0,10,0,2,0.94,0.89
Eric Axley,27,-1.7796296296296295,-0.8614814814814814,-0.46777777777777774,-0.32037037037037036,-0.12814814814814815,0.2962962962962963,0,0,3,3,0.6,0.925
Erik Compton,37,-1.259189189189189,-0.5032432432432433,-0.41594594594594597,-0.1345945945945946,-0.20486486486486485,0.40540540540540543,0,0,3,3,0.405,0.89
Erik van Rooyen,35,0.31,0.18514285714285716,0.1957142857142857,0.004,-0.07542857142857143,0.6285714285714286,0,5,0,2,0.905,0.655
Ernie Els,68,-0.5725,-0.30367647058823527,-0.4117647058823529,0.09779411764705882,0.04544117647058824,0.45588235294117646,0,1,2,1,0.935,0.49
Fabian Gomez,119,-0.5752100840336135,-0.1910924369747899,-0.350672268907563,0.10907563025210085,-0.1422689075630252,0.47058823529411764,2,3,2,1,0.99,0.47
Francesco Molinari,94,0.19297872340425531,0.2469148936170213,0.2497872340425532,0.06393617021276596,-0.3718085106382979,0.7553191489361702,2,16,0,2,0.96,0.98
Freddie Jacobson,51,-0.6082352941176471,-0.44803921568627453,-0.31058823529411766,-0.06607843137254903,0.21647058823529414,0.5098039215686274,0,4,2,3,0.845,0.79
Garrick Higgo,19,-0.7368421052631579,0.10052631578947369,-0.19736842105263158,-0.4526315789473684,-0.18842105263157896,0.47368421052631576,1,1,1,0,0.945,0.89
Gary Woodland,134,0.45873134328358206,0.3029850746268657,0.34507462686567164,-0.08641791044776119,-0.11156716417910449,0.7313432835820896,2,26,0,2,0.935,0.81
Geoff Ogilvy,55,-0.8467272727272728,-0.22545454545454546,-0.34181818181818185,0.057818181818181824,-0.3358181818181818,0.41818181818181815,0,3,2,3,0.825,0.545
George McNeill,65,-0.8672307692307691,-0.35923076923076924,0.13923076923076924,-0.24646153846153845,-0.39907692307692305,0.4461538461538462,0,1,1,2,0.67,0.81
Graeme McDowell,82,-0.2603658536585366,-0.2742682926829268,-0.03536585365853658,-0.09378048780487805,0.14402439024390246,0.5975609756097561,0,8,2,3,0.93,0.8
Graham DeLaet,54,-0.42444444444444446,0.1087037037037037,0.16999999999999998,-0.5192592592592592,-0.18425925925925923,0.5555555555555556,0,12,1,0,0.85,0.535
Grayson Murray,87,-1.1358620689655172,0.08252873563218391,-0.365632183908046,-0.20666666666666667,-0.6811494252873563,0.4827586206896552,1,5,1,2,0.76,0.925
Greg Chalmers,73,-1.165890410958904,-0.4249315068493151,-0.9606849315068493,-0.015205479452054792,0.2089041095890411,0.4520547945205479,0,0,3,1,0.39,0.825
Greyson Sigg,23,-0.716086956521739,-0.013043478260869563,-0.15478260869565216,-0.12043478260869565,-0.41304347826086957,0.6086956521739131,0,0,1,2,0.615,0.9
Hank Lebioda,70,-0.2988571428571429,-0.12785714285714284,0.03314285714285715,0.04628571428571429,-0.18857142857142856,0.5285714285714286,0,3,2,3,0.59,0.42
Hao-Tong Li,20,-0.9155000000000001,-0.019000000000000006,-0.272,-0.45099999999999996,-0.174,0.6,0,0,1,0,0.935,0.94
Harold Varner III,142,0.1067605633802817,0.2400704225352113,0.08429577464788733,0.00464788732394366,-0.22950704225352114,0.676056338028169,0,11,0,2,0.96,0.915
Harris English,150,0.0866,-0.20806666666666668,-0.10293333333333334,0.08793333333333334,0.3138,0.68,2,19,2,3,0.97,0.83
Harry Higgs,69,-0.34,-0.03217391304347827,-0.4117391304347826,-0.01507246376811594,0.10188405797101448,0.5362318840579711,0,4,2,1,0.855,0.81
Hayden Buckley,21,-0.8804761904761904,0.32857142857142857,-0.24523809523809526,-0.42857142857142855,-0.5085714285714286,0.47619047619047616,0,2,1,0,0.86,0.545
Henrik Norlander,78,-0.3821794871794872,0.04602564102564103,0.13525641025641025,-0.16641025641025642,-0.408974358974359,0.5512820512820513,0,6,0,2,0.73,0.94
Henrik Stenson,67,0.29402985074626864,-0.030447761194029845,0.7085074626865672,-0.1426865671641791,-0.24164179104477615,0.6268656716417911,1,13,0,2,0.96,0.895
Hideki Matsuyama,126,0.939047619047619,0.32103174603174606,0.6812698412698412,0.19444444444444445,-0.2588888888888889,0.8333333333333334,4,32,0,2,0.94,0.975
Hudson Swafford,144,-0.5161805555555555,0.12284722222222223,-0.095,-0.4727083333333333,-0.04750000000000001,0.5347222222222222,1,8,1,0,0.895,0.9
Hunter Mahan,108,-1.0720370370370371,0.14398148148148146,-0.9312962962962963,-0.4540740740740741,0.16953703703703701,0.42592592592592593,0,1,1,1,0.78,0.735
Ian Poulter,93,0.41161290322580646,-0.06731182795698924,0.09225806451612903,0.17193548387096774,0.21580645161290324,0.7956989247311828,1,13,2,3,0.755,0.83
J.B. Holmes,107,-0.08130841121495326,0.2594392523364486,-0.035140186915887855,0.014299065420560753,-0.3204672897196262,0.6074766355140186,2,14,0,2,0.91,0.93
J.J. Henry,106,-0.8816981132075471,-0.07622641509433963,-0.1631132075471698,-0.10962264150943397,-0.5335849056603774,0.44339622641509435,0,1,1,2,0.615,0.96
J.J. Spaun,118,-0.3905932203389831,0.16483050847457625,-0.16466101694915253,-0.1514406779661017,-0.2109322033898305,0.6271186440677966,1,8,1,0,0.53,0.86
J.T. Poston,127,-0.24472440944881887,0.04834645669291338,-0.36503937007874016,-0.02700787401574803,0.09125984251968504,0.5984251968503937,1,10,2,1,0.81,0.745
James Hahn,130,-0.18930769230769232,0.12292307692307693,-0.09938461538461539,0.002461538461538461,-0.1853076923076923,0.5923076923076923,2,11,0,0,0.85,0.59
Jamie Lovemark,88,-0.3138636363636364,-0.04352272727272727,-0.31625,0.22943181818181815,-0.18420454545454545,0.5681818181818182,0,5,2,1,0.87,0.59
Jason Bohn,61,-0.751311475409836,-0.5018032786885246,-0.08377049180327868,-0.09295081967213115,-0.07245901639344261,0.5409836065573771,0,4,2,3,0.885,0.875
Jason Day,106,0.9064150943396226,0.28867924528301886,-0.026132075471698112,0.3036792452830189,0.31424528301886795,0.7547169811320755,7,31,2,1,0.495,0.705
Jason Dufner,132,-0.15325757575757576,0.17113636363636364,0.12856060606060604,0.009545454545454551,-0.43931818181818183,0.5909090909090909,1,8,0,2,0.9,0.985
Jason Kokrak,158,0.18272151898734176,0.43594936708860754,0.19556962025316454,-0.2713291139240506,-0.1779746835443038,0.6962025316455697,3,20,0,0,0.935,0.46
Jazz Janewattananond,12,-1.4858333333333331,-0.10166666666666667,-0.2625,-0.6275000000000001,-0.4925,0.4166666666666667,0,0,1,0,0.8,0.585
Jerry Kelly,41,-0.4117073170731707,-0.1782926829268293,-0.035121951219512185,0.1704878048780488,-0.3687804878048781,0.6097560975609756,0,3,2,3,0.615,0.46
Jhonattan Vegas,132,0.12924242424242424,0.49189393939393933,0.03204545454545455,-0.17515151515151517,-0.2381060606060606,0.6893939393939394,2,12,0,0,0.945,0.53
Jim Furyk,83,0.42807228915662654,-0.24867469879518073,0.5248192771084338,0.13855421686746988,0.01397590361445783,0.6987951807228916,1,12,0,3,0.59,0.605
Jim Herman,130,-0.6015384615384616,0.29653846153846153,-0.19338461538461538,-0.3275384615384615,-0.3773846153846154,0.45384615384615384,3,5,1,0,0.85,0.595
Jim Knous,29,-1.160344827586207,-0.09482758620689655,-0.3255172413793103,-0.38275862068965516,-0.2189655172413793,0.41379310344827586,0,1,1,0,0.93,0.93
Jimmy Walker,126,-0.24912698412698414,-0.5500793650793651,0.11222222222222222,0.0703968253968254,0.12087301587301588,0.6349206349206349,3,12,2,3,0.94,0.985
Joaquin Niemann,88,0.6928409090909091,0.46125000000000005,0.45749999999999996,-0.06806818181818182,-0.14170454545454547,0.7954545454545454,2,17,0,2,0.945,0.885
Joel Dahmen,114,-0.111140350877193,0.25894736842105265,0.1326315789473684,-0.14192982456140352,-0.37526315789473685,0.6491228070175439,0,12,0,2,0.91,0.91
Joey Garber,23,-1.325217391304348,0.03695652173913044,-0.7404347826086957,-0.12478260869565218,-0.4960869565217391,0.30434782608695654,0,1,1,1,0.805,0.735
John Augenstein,11,-1.629090909090909,-0.007272727272727239,-0.2227272727272727,-0.5627272727272727,-0.8390909090909091,0.2727272727272727,0,1,1,2,0.72,0.92
John Chin,17,-2.1494117647058824,-0.2888235294117647,-0.9411764705882353,-0.48352941176470593,-0.4364705882352941,0.35294117647058826,0,0,3,1,0.47,0.755
John Daly,19,-2.7673684210526317,-0.1968421052631579,-1.2657894736842106,-0.44578947368421057,-0.8589473684210527,0.15789473684210525,0,0,3,1,0.55,0.785
John Huh,134,-0.24425373134328363,-0.08798507462686567,-0.06708955223880597,-0.045298507462686564,-0.050373134328358216,0.5746268656716418,0,7,2,0,0.755,0.54
John Merrick,44,-0.8822727272727273,-0.09636363636363635,0.10613636363636364,-0.021136363636363644,-0.8722727272727273,0.38636363636363635,0,0,0,2,0.55,0.995
John Pak,10,-1.565,-0.231,-0.593,-0.31,-0.41100000000000003,0.3,0,0,1,1,0.725,0.59
John Rollins,30,-1.653,-0.18966666666666668,-0.5086666666666667,-0.26966666666666667,-0.6846666666666666,0.3333333333333333,0,0,1,2,0.725,0.66
John Senden,80,-0.8844999999999998,-0.22774999999999998,-0.313875,-0.28900000000000003,-0.052250000000000005,0.4125,0,2,1,0,0.785,0.76
Johnson Wagner,99,-0.37101010101010096,-0.2486868686868687,-0.13131313131313133,-0.1715151515151515,0.166969696969697,0.5151515151515151,0,6,2,3,0.81,0.56
Jon Rahm,92,1.5942391304347825,0.8384782608695652,0.37010869565217386,0.1366304347826087,0.2490217391304348,0.9021739130434783,5,46,0,0,0.895,0.675
Jonas Blixt,106,-0.8366037735849056,-0.26066037735849057,-0.6369811320754717,-0.04990566037735849,0.1582075471698113,0.4811320754716981,0,4,2,1,0.78,0.84
Jonathan Byrd,81,-0.5335802469135802,-0.5082716049382716,-0.11358024691358024,0.2569135802469136,-0.15839506172839507,0.49382716049382713,0,2,2,3,0.905,0.97
Jonathan Randolph,51,-1.2149019607843137,-0.25098039215686274,-0.5225490196078431,-0.2862745098039216,-0.1535294117647059,0.45098039215686275,0,2,1,1,0.795,0.595
Joost Luiten,16,0.03250000000000003,0.05875,0.47812499999999997,-0.293125,-0.21375,0.75,0,1,0,2,0.94,0.84
Jordan Spieth,126,0.910873015873016,0.061349206349206355,0.3085714285714286,0.2966666666666667,0.24174603174603174,0.8095238095238095,7,38,2,3,0.42,0.765
Jose de Jesus Rodriguez,19,-0.6252631578947369,-0.08368421052631578,-0.6273684210526315,0.03263157894736842,0.05263157894736842,0.47368421052631576,0,0,2,1,0.865,0.95
Joseph Bramlett,53,-0.6443396226415095,0.07132075471698114,0.0035849056603773637,-0.08056603773584907,-0.7218867924528302,0.5283018867924528,0,1,0,2,0.55,0.985
Josh Teater,53,-0.5079245283018868,-0.022641509433962256,0.012075471698113205,-0.05735849056603774,-0.4411320754716981,0.5283018867924528,0,2,0,2,0.73,0.975
Julian Etulain,36,-0.5249999999999999,-0.15555555555555556,-0.17833333333333334,-0.06472222222222222,-0.1275,0.4722222222222222,0,0,2,3,0.78,0.395
Justin Harding,11,-0.49909090909090903,-0.08545454545454545,-0.29727272727272724,-0.11363636363636363,-0.005454545454545439,0.5454545454545454,0,1,2,1,0.74,0.47
Justin Rose,90,0.7652222222222222,0.24444444444444444,0.2401111111111111,0.11533333333333334,0.1198888888888889,0.7555555555555555,1,29,0,0,0.825,0.685
Justin Suh,15,-0.9239999999999999,0.07466666666666667,-0.37266666666666665,-0.7846666666666666,0.15933333333333335,0.3333333333333333,0,0,1,0,0.845,0.905
Justin Thomas,129,1.1729457364341085,0.28713178294573644,0.6465116279069768,0.2582170542635659,-0.029224806201550397,0.813953488372093,9,53,0,2,0.89,0.95
K.J. Choi,91,-0.7230769230769231,-0.5094505494505495,-0.15934065934065933,0.06956043956043956,-0.1243956043956044,0.5164835164835165,0,3,2,3,0.895,0.98
Keegan Bradley,143,0.3541958041958042,0.3441958041958042,0.47223776223776226,0.08377622377622378,-0.5172727272727272,0.7412587412587412,1,18,0,2,0.955,0.975
Keith Mitchell,101,-0.20306930693069308,0.5668316831683168,-0.36178217821782177,-0.21495049504950495,-0.18386138613861386,0.6138613861386139,1,14,1,0,0.645,0.745
Kelly Kraft,111,-1.0861261261261261,-0.3815315315315315,-0.22783783783783784,-0.37531531531531537,-0.07315315315315316,0.3963963963963964,0,5,1,0,0.8,0.64
Ken Duke,65,-1.0209230769230768,-0.08569230769230769,-0.2998461538461538,-0.12153846153846153,-0.5141538461538462,0.4461538461538462,0,2,1,2,0.715,0.765
Kevin Chappell,103,-0.16631067961165047,0.06349514563106795,0.05834951456310679,-0.06873786407766991,-0.24174757281553397,0.6893203883495146,1,13,0,2,0.895,0.81
Kevin Kisner,141,0.17432624113475176,0.06099290780141844,-0.08716312056737589,-0.10418439716312057,0.3301418439716312,0.7304964539007093,2,27,2,0,0.675,0.785
Kevin Na,128,0.2459375,-0.406796875,0.215546875,0.332109375,0.104921875,0.7265625,3,26,2,3,0.89,0.99
Kevin Stadler,31,-3.06,-0.5838709677419355,-0.4616129032258064,-0.5361290322580645,-1.449032258064516,0.1935483870967742,0,0,3,2,0.465,0.995
Kevin Streelman,161,0.09639751552795031,0.3072049689440994,0.1506832298136646,-0.03440993788819876,-0.3078260869565217,0.6770186335403726,0,22,0,2,0.95,0.935
Kevin Tway,121,-0.3938842975206611,-0.07710743801652893,-0.28652892561983473,0.030413223140495875,-0.05991735537190083,0.5289256198347108,1,7,2,1,0.93,0.63
Kiradech Aphibarnrat,55,-0.6909090909090909,0.10927272727272727,-0.5920000000000001,-0.10763636363636364,-0.10672727272727271,0.4909090909090909,0,4,1,1,0.69,0.75
Kramer Hickok,77,-0.7270129870129871,0.10519480519480519,-0.36597402597402595,0.07688311688311689,-0.5631168831168831,0.4675324675324675,0,2,0,2,0.475,0.63
Kristoffer Ventura,37,-0.8578378378378378,-0.055675675675675655,-0.5743243243243243,-0.654054054054054,0.4243243243243243,0.35135135135135137,0,1,1,0,0.765,0.68
Kurt Kitayama,25,-0.5544,-0.016,-0.11800000000000001,-0.15839999999999999,-0.41200000000000003,0.48,0,2,1,2,0.635,0.905
Kyle Jones,21,-1.069047619047619,-0.1295238095238095,-0.4961904761904762,-0.15,-0.29333333333333333,0.42857142857142855,0,0,1,1,0.885,0.63
Kyle Reifers,67,-0.49134328358208956,0.02776119402985074,-0.3040298507462686,-0.028059701492537316,-0.18761194029850747,0.5522388059701493,0,3,2,1,0.505,0.575
Kyle Stanley,141,-0.022127659574468092,0.2685815602836879,0.24829787234042552,-0.09085106382978723,-0.49695035460992915,0.6312056737588653,1,11,0,2,0.91,0.945
Kyoung-Hoon Lee,91,-0.3341758241758242,0.06043956043956043,-0.18153846153846154,-0.03637362637362637,-0.17142857142857143,0.5714285714285714,2,6,2,0,0.345,0.69
Lanto Griffin,85,0.061647058823529416,-0.03176470588235293,0.1527058823529412,-0.1635294117647059,0.13258823529411765,0.7058823529411765,1,9,2,0,0.35,0.82
Lee Hodges,22,-0.63,0.05636363636363635,-0.20136363636363636,0.11772727272727272,-0.48227272727272724,0.5909090909090909,0,2,0,2,0.75,0.765
Lee Westwood,42,-0.5447619047619048,-0.05380952380952379,-0.04404761904761904,-0.2069047619047619,-0.24238095238095242,0.6190476190476191,0,3,1,0,0.655,0.545
Louis Oosthuizen,87,0.5622988505747126,0.23735632183908045,0.052873563218390804,0.15229885057471265,0.12045977011494254,0.8275862068965517,0,16,0,0,0.695,0.775
Lucas Bjerregaard,20,-1.6454999999999997,-0.286,-0.5925,-0.26149999999999995,-0.503,0.35,0,0,1,1,0.695,0.58
Lucas Glover,149,0.1797986577181208,0.378255033557047,0.262751677852349,-0.052617449664429536,-0.42671140939597313,0.7114093959731543,1,18,0,2,0.94,0.93
Lucas Herbert,24,-0.3541666666666667,-0.16458333333333333,-0.6495833333333333,-0.03375,0.4925,0.6666666666666666,0,1,2,1,0.83,0.84
Luke Donald,102,-0.30401960784313725,-0.9071568627450981,0.07529411764705882,0.3027450980392157,0.1753921568627451,0.5196078431372549,0,5,2,3,0.88,0.945
Luke List,146,0.17746575342465754,0.5158904109589042,0.1702054794520548,0.09246575342465753,-0.5978082191780822,0.5958904109589042,1,18,0,2,0.93,0.965
Mackenzie Hughes,126,-0.25317460317460316,-0.2196031746031746,-0.28658730158730156,0.08706349206349207,0.17611111111111113,0.6190476190476191,1,11,2,1,0.985,0.415
Marc Leishman,123,0.2998373983739837,-0.0524390243902439,0.21032520325203252,0.09658536585365854,0.046422764227642285,0.7723577235772358,2,23,2,3,0.435,0.5
Mark Anderson,48,-0.5283333333333333,-0.16604166666666667,-0.24854166666666666,0.017916666666666668,-0.13416666666666666,0.3958333333333333,0,1,2,3,0.915,0.56
Mark Hubbard,113,-0.41070796460176995,-0.24982300884955752,-0.15061946902654866,-0.019292035398230094,-0.006991150442477882,0.6371681415929203,0,3,2,3,0.98,0.825
Mark Wilson,54,-0.9192592592592592,-0.482962962962963,-0.43925925925925924,0.2162962962962963,-0.2777777777777778,0.4444444444444444,0,1,2,3,0.865,0.89
Martin Flores,60,-0.3215,0.10366666666666667,-0.14316666666666666,-0.1125,-0.16966666666666666,0.5833333333333334,0,1,1,0,0.41,0.895
Martin Kaymer,44,-0.30477272727272725,-0.2340909090909091,0.10795454545454546,-0.13704545454545455,-0.04318181818181817,0.6136363636363636,0,3,2,3,0.685,0.4
Martin Laird,137,0.0462043795620438,-0.003430656934306564,0.15963503649635039,0.027664233576642334,-0.14124087591240875,0.6496350364963503,0,12,0,2,0.91,0.73
Martin Piller,49,-1.3608163265306121,-0.4106122448979592,-0.9075510204081633,-0.2861224489795919,0.24387755102040817,0.3877551020408163,0,1,3,1,0.455,0.84
Martin Trainer,81,-2.084074074074074,-0.5393827160493827,-1.5633333333333332,-0.14629629629629629,0.08901234567901234,0.25925925925925924,0,1,3,1,0.66,0.855
Matt Every,117,-1.9281196581196582,-0.7107692307692307,-0.46794871794871795,-0.39641025641025646,-0.3523931623931624,0.3162393162393162,1,3,3,3,0.595,0.865
Matt Jones,150,-0.11713333333333334,0.15633333333333332,-0.4102,0.2602,-0.11413333333333334,0.6266666666666667,1,11,2,1,0.795,0.855
Matt Kuchar,132,0.6647727272727273,-0.030227272727272728,0.13166666666666665,0.2578030303030303,0.2953030303030303,0.8106060606060606,1,31,2,3,0.735,0.87
Matt Wallace,45,-0.35111111111111115,-0.15844444444444447,-0.21133333333333332,0.12377777777777778,-0.118,0.6,0,5,2,3,0.955,0.645
Matthew Fitzpatrick,69,0.5553623188405797,0.1926086956521739,-0.04420289855072464,0.12869565217391302,0.27594202898550724,0.6956521739130435,0,17,2,1,0.58,0.46
Matthew NeSmith,66,-0.11772727272727272,-0.053636363636363635,0.4074242424242424,-0.16469696969696968,-0.2909090909090909,0.5757575757575758,0,2,0,2,0.935,0.895
Matthew Wolff,56,-0.5189285714285715,-0.14607142857142857,-0.19178571428571425,-0.2830357142857143,0.010000000000000005,0.6785714285714286,1,5,1,0,0.745,0.87
Matthias Schwab,19,-0.3368421052631579,-0.1731578947368421,-0.0931578947368421,0.18368421052631578,-0.1705263157894737,0.5789473684210527,0,2,2,3,0.83,0.715
Maverick McNealy,64,0.027812500000000018,0.144375,-0.241875,-0.0465625,0.1765625,0.703125,0,6,2,0,0.67,0.475
Max Homa,105,-0.3858095238095239,0.018190476190476194,-0.057999999999999996,-0.2980952380952381,-0.04371428571428571,0.5904761904761905,4,15,1,0,0.74,0.935
Michael Gellerman,24,-1.2479166666666666,-0.28541666666666665,-0.11833333333333333,-0.38208333333333333,-0.4633333333333334,0.5,0,0,1,2,0.83,0.73
Michael Gligic,50,-0.9876,-0.0019999999999999953,-0.4046,-0.2928,-0.2688,0.46,0,0,1,0,0.945,0.83
Michael Kim,118,-1.2501694915254238,-0.9945762711864407,-0.3044915254237288,0.015508474576271183,0.033644067796610166,0.3728813559322034,1,2,2,3,0.675,0.925
Michael Thompson,146,-0.24952054794520548,-0.21184931506849314,-0.23082191780821915,0.05171232876712328,0.0986986301369863,0.6095890410958904,1,10,2,3,0.99,0.77
Mike Weir,29,-2.4962068965517243,-2.0841379310344825,-0.5906896551724138,0.3389655172413793,-0.16172413793103446,0.27586206896551724,0,0,3,3,0.54,0.875
Mito Pereira,25,0.7475999999999999,0.3796,0.39640000000000003,-0.004,0.021600000000000005,0.76,0,2,0,2,0.915,0.685
Morgan Hoffmann,83,-0.8797590361445783,-0.2680722891566265,-0.6467469879518072,0.03421686746987951,-9.78133237056802e-18,0.43373493975903615,0,4,2,1,0.81,0.87
Nate Lashley,84,-0.29428571428571426,-0.24797619047619046,-0.07452380952380955,0.05464285714285714,-0.05214285714285715,0.5595238095238095,1,4,2,3,0.975,0.825
Nelson Ledesma,25,-1.5948,-0.6192,-0.5316000000000001,-0.282,-0.16159999999999997,0.36,0,0,3,3,0.53,0.865
Nicholas Lindheim,47,-1.2565957446808511,-0.4731914893617021,-0.6063829787234043,-0.2527659574468085,0.07468085106382977,0.48936170212765956,0,1,3,1,0.415,0.695
Nick Hardy,17,-0.16411764705882356,0.30294117647058827,-0.3241176470588235,-0.1776470588235294,-0.27941176470588236,0.5882352941176471,0,0,1,0,0.72,0.755
Nick Taylor,165,-0.2999393939393939,0.05042424242424243,-0.1709090909090909,-0.0636969696969697,-0.1146060606060606,0.6363636363636364,2,9,2,0,0.415,0.785
Nick Watney,135,-0.4683703703703703,-0.20355555555555555,0.11429629629629631,-0.12874074074074074,-0.21844444444444444,0.5703703703703704,0,8,2,2,0.24,0.635
Ollie Schniederjans,74,-0.18905405405405404,-0.3051351351351352,-0.11243243243243241,0.0654054054054054,0.16337837837837837,0.5405405405405406,0,7,2,3,0.98,0.885
Omar Uresti,20,-3.1555,-0.969,-0.8710000000000001,0.20350000000000001,-1.5195,0.15,0,0,3,3,0.76,0.75
Padraig Harrington,75,-0.9409333333333333,-0.44639999999999996,-0.28213333333333335,0.3028,-0.5142666666666666,0.41333333333333333,1,2,2,3,0.81,0.83
Parker McLachlin,24,-2.24875,-0.8691666666666666,-1.545,0.20208333333333336,-0.03625000000000001,0.25,0,0,3,1,0.635,0.685
Pat Perez,122,0.23877049180327867,-0.17459016393442622,0.13245901639344262,0.12049180327868853,0.15975409836065574,0.6967213114754098,0,12,2,3,0.795,0.835
Patrick Cantlay,84,1.3736904761904762,0.5185714285714286,0.47130952380952384,0.21654761904761907,0.12964285714285714,0.9047619047619048,6,31,0,2,0.885,0.775
Patrick Reed,136,0.6958823529411765,0.07279411764705883,-0.016029411764705886,0.2676470588235294,0.37625000000000003,0.8455882352941176,3,28,2,1,0.75,0.385
Patrick Rodgers,153,-0.23326797385620918,0.10281045751633987,-0.48084967320261435,-0.013594771241830067,0.15156862745098038,0.5620915032679739,0,13,2,1,0.805,0.835
Patton Kizzire,144,-0.2989583333333333,-0.4280555555555556,0.06319444444444444,-0.10854166666666668,0.174375,0.5902777777777778,1,14,2,3,0.97,0.855
Paul Barjon,21,-0.8838095238095237,0.45142857142857146,-0.2628571428571429,-0.5133333333333334,-0.3566666666666667,0.47619047619047616,0,1,1,0,0.885,0.69
Paul Casey,100,0.9240999999999999,0.3764,0.6598,-0.020200000000000006,-0.09159999999999999,0.84,2,33,0,2,0.935,0.91
Peter Malnati,157,-0.46713375796178347,-0.4125477707006369,-0.37401273885350317,0.054267515923566885,0.2701910828025478,0.49044585987261147,0,2,2,3,0.92,0.635
Peter Uihlein,75,-0.38813333333333333,-0.2809333333333333,-0.22453333333333333,0.1076,0.027333333333333338,0.5333333333333333,0,5,2,3,0.98,0.89
Phil Mickelson,112,0.17276785714285717,-0.16526785714285716,0.08160714285714286,0.13580357142857144,0.14607142857142857,0.7321428571428571,3,20,2,3,0.795,0.85
Rafa Cabrera Bello,78,-0.13243589743589743,-0.01205128205128205,-0.18512820512820513,-0.05833333333333332,0.12166666666666665,0.6923076923076923,0,8,2,0,0.765,0.605
Rafael Campos,28,-0.9117857142857143,0.11214285714285714,-0.682142857142857,-0.2725,-0.0682142857142857,0.39285714285714285,0,1,1,1,0.845,0.685
Retief Goosen,59,-0.7510169491525424,-0.38389830508474576,-0.0040677966101694855,0.03355932203389831,-0.3971186440677966,0.4576271186440678,0,1,2,3,0.725,0.6
Rhein Gibson,39,-1.2097435897435898,-0.6782051282051282,-0.5274358974358975,-0.17051282051282052,0.16435897435897437,0.5128205128205128,0,0,3,3,0.385,0.685
Rich Beem,10,-1.6219999999999999,-0.395,-0.889,0.16999999999999998,-0.508,0.3,0,0,3,1,0.595,0.82
Richard Sterne,15,-1.2686666666666666,-0.29,-0.25799999999999995,-0.22666666666666668,-0.49466666666666664,0.3333333333333333,0,0,1,2,0.815,0.69
Richy Werenski,125,-0.70496,-0.13168000000000002,-0.38184,-0.11480000000000001,-0.036079999999999994,0.544,0,6,2,1,0.72,0.63
Rickie Fowler,121,0.6439669421487604,0.14909090909090908,0.09743801652892563,0.25,0.11438016528925621,0.7520661157024794,3,28,2,3,0.38,0.39
Ricky Barnes,98,-0.716734693877551,-0.8309183673469387,-0.1853061224489796,0.22795918367346937,0.08010204081632653,0.5306122448979592,0,5,2,3,0.88,0.91
Rob Oppenheim,76,-0.7646052631578947,-0.62,-0.0039473684210526265,0.18355263157894736,-0.3238157894736842,0.4605263157894737,0,2,2,3,0.87,0.975
Robby Shelton,58,-0.8313793103448276,-0.2189655172413793,-0.19793103448275862,-0.04189655172413794,-0.3724137931034483,0.46551724137931033,0,2,2,3,0.345,0.43
Robert Allenby,44,-1.9715909090909092,-0.5829545454545455,-0.19409090909090912,-0.4752272727272727,-0.7188636363636364,0.18181818181818182,0,0,1,2,0.655,0.86
Robert Garrigus,92,-0.7004347826086956,0.10586956521739131,0.13097826086956524,-0.31173913043478263,-0.6431521739130435,0.5652173913043478,0,6,1,2,0.57,0.935
Robert MacIntyre,13,-0.33538461538461534,-0.06538461538461537,-0.2692307692307693,0.25153846153846154,-0.25153846153846154,0.8461538461538461,0,0,2,1,0.82,0.46
Robert Streb,158,-0.490126582278481,-0.1962025316455696,-0.1828481012658228,0.07848101265822785,-0.19449367088607594,0.4810126582278481,1,15,2,3,0.915,0.66
Roberto Castro,76,-0.35828947368421055,-0.13907894736842105,0.17328947368421052,0.15328947368421053,-0.5457894736842105,0.5921052631578947,0,4,0,2,0.86,0.965
Roberto Diaz,39,-0.9082051282051282,-0.06923076923076923,-0.6782051282051282,-0.24410256410256415,0.08282051282051284,0.5128205128205128,0,1,1,1,0.67,0.825
Rod Pampling,73,-1.0890410958904109,-0.17726027397260274,-0.4298630136986301,0.08068493150684931,-0.5643835616438356,0.5068493150684932,1,1,2,1,0.255,0.39
Rod Perry,13,-4.096923076923077,-1.0846153846153845,-1.353846153846154,-0.5984615384615384,-1.06,0.07692307692307693,0,0,3,1,0.745,0.715
Roger Sloan,87,-0.7481609195402299,-0.10908045977011495,-0.29931034482758617,-0.08126436781609195,-0.26068965517241377,0.5057471264367817,0,2,1,1,0.555,0.395
Rory McIlroy,82,1.4821951219512195,0.8978048780487805,0.4320731707317073,0.19585365853658535,-0.042682926829268296,0.8902439024390244,7,38,0,2,0.935,0.81
Rory Sabbatini,138,-0.2778260869565217,0.13202898550724637,-0.28702898550724637,0.07833333333333334,-0.2008695652173913,0.6159420289855072,0,12,2,1,0.485,0.62
Russell Henley,140,0.4205,0.11671428571428571,0.29714285714285715,0.00985714285714285,-0.01007142857142856,0.7285714285714285,1,23,0,2,0.885,0.645
Russell Knox,149,0.07201342281879194,0.10348993288590604,0.3573154362416108,-0.00436241610738255,-0.4089261744966443,0.6577181208053692,1,13,0,2,0.94,0.975
Ryan Armour,126,-0.23404761904761906,-0.008253968253968253,-0.015238095238095236,0.024761904761904773,-0.2292857142857143,0.5555555555555556,1,10,0,2,0.79,0.675
Ryan Blaum,81,-0.5212345679012346,-0.09753086419753086,-0.30530864197530866,-0.10246913580246915,-0.015802469135802466,0.5061728395061729,0,4,2,1,0.745,0.495
Ryan Brehm,52,-1.285,0.13134615384615383,-0.4701923076923077,-0.4148076923076923,-0.5317307692307692,0.4230769230769231,0,0,1,0,0.82,0.74
Ryan Moore,114,0.23149122807017544,0.1313157894736842,0.2907017543859649,-0.049824561403508764,-0.1317543859649123,0.6842105263157895,1,14,0,2,0.94,0.83
Ryan Palmer,125,0.058799999999999984,0.34616,0.24736,-0.16047999999999998,-0.33984,0.712,0,20,0,2,0.94,0.91
Ryan Vermeer,10,-3.2350000000000003,-0.394,-1.6509999999999998,-0.179,-1.011,0.1,0,0,3,1,0.73,0.95
Ryo Ishikawa,44,-1.1438636363636363,-0.5847727272727273,-0.2381818181818182,-0.05136363636363637,-0.2697727272727273,0.38636363636363635,0,2,2,3,0.745,0.98
Sahith Theegala,30,-0.0036666666666666774,-0.09066666666666667,-0.0076666666666666584,-0.021,-0.054333333333333345,0.6333333333333333,0,4,2,3,0.72,0.36
Sam Burns,88,0.16829545454545453,0.19045454545454546,-0.001477272727272716,-0.3503409090909091,0.3019318181818182,0.6363636363636364,3,18,1,0,0.495,0.925
Sam Horsfield,11,-0.5790909090909091,0.15636363636363637,-0.5745454545454546,-0.13,-0.028181818181818207,0.45454545454545453,0,0,1,1,0.665,0.72
Sam Ryder,105,-0.3400952380952381,-0.01876190476190476,-0.007523809523809513,-0.20742857142857143,-0.09857142857142859,0.5238095238095238,0,10,1,0,0.515,0.82
Sam Saunders,100,-0.5957,-0.010599999999999993,-0.1444,-0.3214,-0.11989999999999998,0.55,0,3,1,0,0.9,0.94
Sang-Moon Bae,62,-1.2143548387096772,-0.1435483870967742,-0.6383870967741935,-0.20548387096774193,-0.23419354838709677,0.3709677419354839,0,1,1,1,0.79,0.765
Satoshi Kodaira,71,-1.579154929577465,-0.13267605633802818,-0.4302816901408451,-0.49225352112676063,-0.5356338028169014,0.4225352112676056,1,1,1,0,0.77,0.79
Scott Brown,155,-0.596516129032258,0.025870967741935487,-0.28683870967741937,-0.2444516129032258,-0.09051612903225806,0.5096774193548387,0,9,1,0,0.845,0.865
Scott Gutschewski,13,-0.21153846153846154,0.08615384615384612,0.17846153846153848,0.2023076923076923,-0.9069230769230768,0.38461538461538464,0,0,0,2,0.835,0.995
Scott Harrington,44,-0.859090909090909,0.09659090909090909,-0.729090909090909,-0.04704545454545455,-0.1809090909090909,0.4772727272727273,0,1,1,1,0.645,0.85
Scott Langley,57,-0.8742105263157894,-0.21999999999999997,-0.6699999999999999,0.12947368421052632,-0.11403508771929824,0.543859649122807,0,1,2,1,0.875,0.91
Scott Piercy,138,-0.19789855072463766,0.1848550724637681,0.07318840579710145,-0.07246376811594203,-0.3714492753623188,0.644927536231884,0,11,0,2,0.895,0.94
Scott Stallings,156,-0.27371794871794874,-0.032756410256410254,0.16634615384615384,-0.09884615384615385,-0.31493589743589745,0.5448717948717948,0,12,0,2,0.89,0.905
Scottie Scheffler,64,0.8792187499999999,0.4325,0.27828125,0.21031249999999999,-0.02062499999999999,0.78125,3,17,0,2,0.89,0.9
Seamus Power,100,-0.07450000000000002,-0.046400000000000004,-0.3404,0.1338,0.1482,0.57,1,10,2,1,0.98,0.885
Sean O'Hair,101,-0.6147524752475247,0.015148514851485152,-0.38099009900990094,-0.03148514851485147,-0.2192079207920792,0.5544554455445545,0,9,2,1,0.395,0.625
Sebastian Cappelen,32,-1.57375,-0.2971875,-0.91625,-0.39437500000000003,0.033437499999999995,0.34375,0,1,3,1,0.4,0.855
Sebastian Munoz,101,-0.0031683168316831776,0.0912871287128713,0.041386138613861395,-0.024752475247524747,-0.10633663366336633,0.6831683168316832,1,14,0,0,0.885,0.575
Sepp Straka,88,-0.11159090909090907,0.13340909090909092,-0.02295454545454546,-0.19886363636363635,-0.012954545454545443,0.5454545454545454,1,9,1,0,0.365,0.945
Sergio Garcia,80,0.545,0.631,0.23525000000000001,0.047375,-0.367875,0.725,1,12,0,2,0.965,0.915
Seth Reeves,35,-1.7154285714285713,0.24771428571428572,-0.9877142857142858,-0.5822857142857143,-0.49228571428571427,0.37142857142857144,0,2,1,0,0.715,0.52
Seung-Yul Noh,81,-0.5993827160493828,-0.7428395061728396,-0.04691358024691359,0.215679012345679,-0.06370370370370372,0.4567901234567901,0,5,2,3,0.88,0.96
Shane Lowry,91,0.4459340659340659,0.2986813186813187,0.1357142857142857,0.07923076923076923,-0.06758241758241759,0.7472527472527473,1,15,0,2,0.905,0.605
Shaun Micheel,15,-2.1726666666666663,-0.6460000000000001,-1.0706666666666667,-0.04933333333333335,-0.40800000000000003,0.13333333333333333,0,0,3,1,0.755,0.78
Shaun Norris,10,-1.3119999999999998,-0.754,0.047000000000000014,-0.9129999999999999,0.30599999999999994,0.6,0,0,1,0,0.72,0.705
Shawn Stefani,113,-0.4002654867256637,-0.14637168141592918,-0.035486725663716814,-0.05460176991150443,-0.1643362831858407,0.5221238938053098,0,6,2,3,0.63,0.335
Shugo Imahira,11,-1.040909090909091,-0.32363636363636367,-0.3690909090909091,0.04727272727272727,-0.39909090909090905,0.6363636363636364,0,0,2,3,0.725,0.645
Si Woo Kim,153,-0.3498039215686275,0.017777777777777774,-0.3073856209150327,0.26529411764705885,-0.32588235294117646,0.6470588235294118,3,18,2,1,0.69,0.53
Smylie Kaufman,60,-2.405666666666667,-1.0905,-0.8584999999999999,-0.23983333333333334,-0.21733333333333332,0.35,1,4,3,3,0.74,0.79
Stephan Jaeger,64,-0.4859375,-0.44328125,-0.31875,0.27625,-0.05203125,0.5,0,1,2,3,0.895,0.905
Steve Marino,35,-0.8874285714285713,0.06485714285714286,-0.5182857142857143,-0.176,-0.2571428571428571,0.42857142857142855,0,1,1,1,0.925,0.64
Steve Stricker,58,0.23344827586206898,-0.12293103448275862,-0.04982758620689655,0.35000000000000003,0.056206896551724145,0.6896551724137931,0,4,2,3,0.83,0.895
Steven Bowditch,62,-2.310967741935484,-1.3125806451612902,-0.9382258064516129,0.1346774193548387,-0.1946774193548387,0.27419354838709675,1,1,3,3,0.615,0.78
Stewart Cink,133,0.018120300751879703,-0.1486466165413534,0.34729323308270676,-0.17105263157894737,-0.042030075187969924,0.6766917293233082,2,11,0,2,0.87,0.58
Stuart Appleby,46,-0.6547826086956521,-0.3106521739130435,-0.5413043478260869,0.16956521739130434,0.02934782608695653,0.45652173913043476,0,0,2,1,0.915,0.69
Sung Kang,150,-0.8413333333333334,-0.21773333333333336,-0.26633333333333337,-0.21506666666666666,-0.14900000000000002,0.5466666666666666,1,12,1,0,0.785,0.675
Sungjae Im,99,0.8736363636363635,0.481010101010101,0.09858585858585858,0.1105050505050505,0.2108080808080808,0.8181818181818182,2,22,0,0,0.83,0.895
Takumi Kanaya,12,-1.4741666666666664,-0.16749999999999998,-1.095,0.06333333333333334,-0.2775,0.08333333333333333,0,0,3,1,0.55,0.985
Talor Gooch,102,0.20245098039215684,-0.15303921568627452,0.22941176470588234,0.04333333333333334,0.03647058823529411,0.6666666666666666,1,11,2,3,0.585,0.615
Taylor Moore,22,-0.8786363636363635,0.10727272727272727,-0.6286363636363637,-0.04681818181818181,-0.45454545454545453,0.45454545454545453,0,0,1,1,0.78,0.715
Taylor Pendrith,17,0.11411764705882355,0.5541176470588235,-0.49058823529411766,0.0988235294117647,-0.2582352941176471,0.7058823529411765,0,0,0,1,0.84,0.65
Ted Potter Jr.,85,-1.1392941176470588,-0.31070588235294117,-0.21870588235294117,-0.21788235294117647,-0.3835294117647059,0.43529411764705883,1,3,1,2,0.88,0.335
Ted Purdy,14,-3.172857142857143,-1.0035714285714286,-1.2650000000000001,-0.33571428571428574,-0.5692857142857143,0.14285714285714285,0,0,3,1,0.795,0.635
Thomas Pieters,23,-0.4769565217391304,-0.04695652173913043,0.07869565217391304,-0.09434782608695652,-0.4156521739130435,0.6086956521739131,0,4,0,2,0.735,0.965
Thorbjorn Olesen,15,-0.26,-0.009333333333333327,-0.4986666666666667,-0.13266666666666668,0.378,0.6,0,2,2,1,0.78,0.805
Tiger Woods,40,0.32075,-0.1305,0.5037499999999999,-0.08399999999999999,0.030000000000000006,0.825,1,10,0,2,0.875,0.6
Tim Herron,39,-1.5056410256410255,-0.34615384615384615,-0.6397435897435897,-0.17025641025641028,-0.34846153846153843,0.38461538461538464,0,0,3,1,0.45,0.79
Tim Wilkinson,69,-0.4391304347826087,-0.3420289855072464,-0.15478260869565216,0.27666666666666667,-0.21826086956521737,0.43478260869565216,0,1,2,3,0.955,0.915
Tom Hoge,168,-0.1863095238095238,-0.06976190476190476,0.23595238095238097,-0.1306547619047619,-0.21797619047619046,0.5476190476190477,1,13,0,2,0.905,0.8
Tom Lewis,35,-0.4537142857142857,0.2517142857142857,-0.2745714285714286,-0.19200000000000003,-0.2365714285714286,0.5142857142857142,0,1,1,0,0.715,0.82
Tom Lovelady,33,-0.9878787878787879,0.19818181818181818,-0.6242424242424243,-0.2393939393939394,-0.32303030303030306,0.5151515151515151,0,1,1,1,0.93,0.55
Tommy Fleetwood,66,0.741969696969697,0.3236363636363636,0.13257575757575757,0.263939393939394,0.02227272727272728,0.8333333333333334,0,13,0,2,0.835,0.4
Tommy Gainey,30,-1.6123333333333334,-0.2326666666666667,-0.602,-0.46266666666666667,-0.42433333333333334,0.3,0,0,1,0,0.705,0.775
Tony Finau,149,0.7026845637583893,0.42395973154362415,0.2902013422818792,0.10785234899328859,-0.12355704697986578,0.7583892617449665,1,34,0,2,0.93,0.92
Trevor Immelman,17,-2.428235294117647,-0.26411764705882357,-1.4670588235294117,-0.2376470588235294,-0.4617647058823529,0.11764705882352941,0,0,3,1,0.715,0.97
Trey Mullinax,81,-0.6546913580246914,0.3933333333333333,-0.3980246913580247,-0.2471604938271605,-0.40617283950617283,0.48148148148148145,0,4,1,0,0.855,0.725
Troy Merritt,162,-0.3166049382716049,-0.12469135802469135,-0.1671604938271605,-0.11969135802469136,0.08296296296296296,0.5925925925925926,2,15,2,0,0.8,0.635
Tyler Duncan,113,-0.6403539823008849,0.13353982300884956,0.055309734513274325,-0.23814159292035397,-0.5790265486725664,0.49557522123893805,1,3,1,2,0.52,0.935
Tyler McCumber,47,-1.0151063829787235,-0.012340425531914887,-0.27872340425531916,-0.19680851063829788,-0.7204255319148936,0.40425531914893614,0,1,1,2,0.725,0.99
Tyrone Van Aswegen,89,-0.42820224719101124,-0.5101123595505618,0.2631460674157303,0.05067415730337079,-0.23258426966292134,0.5842696629213483,0,2,2,3,0.835,0.75
Tyrrell Hatton,66,0.8084848484848485,0.20060606060606062,0.2993939393939394,0.12833333333333335,0.18015151515151515,0.7878787878787878,1,16,0,0,0.805,0.68
Vaughn Taylor,135,-0.017333333333333333,-0.14222222222222222,0.18103703703703705,-0.05125925925925926,0.010000000000000004,0.6222222222222222,1,9,2,3,0.6,0.385
Victor Perez,14,-1.365,-0.25785714285714284,-0.33142857142857135,-0.8257142857142857,0.04857142857142859,0.5,0,1,1,0,0.815,0.925
Vijay Singh,70,-0.7724285714285715,-0.018,-0.112,0.14014285714285715,-0.7828571428571429,0.5,0,4,0,2,0.675,0.96
Viktor Hovland,54,0.9111111111111112,0.5950000000000001,0.6485185185185186,-0.39129629629629625,0.05814814814814815,0.8888888888888888,0,11,0,0,0.935,0.455
Vincent Whaley,48,-0.7050000000000001,0.00020833333333332427,-0.7445833333333334,-0.09333333333333334,-0.048749999999999995,0.5,0,0,1,1,0.47,0.87
Webb Simpson,121,0.9490909090909091,0.045454545454545456,0.49867768595041323,0.3372727272727273,0.07677685950413222,0.8429752066115702,3,35,0,3,0.75,0.435
Wes Roach,50,-0.7123999999999999,-0.1076,-0.3328,-0.07859999999999999,-0.1934,0.54,0,2,2,1,0.45,0.525
Wesley Bryan,63,-0.5536507936507936,-1.0909523809523811,0.39888888888888885,0.1814285714285714,0.029206349206349205,0.5873015873015873,1,6,2,3,0.88,0.97
Whee Kim,97,-0.9012371134020619,-0.6729896907216495,-0.21422680412371134,-0.06051546391752578,0.04690721649484536,0.4020618556701031,0,5,2,3,0.8,0.965
Will Claxton,11,-2.6836363636363636,-0.4954545454545455,-0.9918181818181818,-0.8145454545454546,-0.38181818181818183,0.0,0,0,3,0,0.505,0.495
Will Gordon,32,-0.6546875,0.34375,-0.2734375,-0.38656250000000003,-0.33875,0.5,0,2,1,0,0.89,0.72
Will MacKenzie,46,-1.1384782608695652,0.04195652173913044,-0.31565217391304345,-0.1523913043478261,-0.7108695652173914,0.43478260869565216,0,0,1,2,0.715,0.955
Will Zalatoris,38,0.7173684210526317,0.4355263157894737,0.7342105263157894,-0.02394736842105263,-0.4205263157894737,0.7105263157894737,0,10,0,2,0.96,0.935
William McGirt,102,-0.08333333333333333,-0.04274509803921568,-0.12254901960784313,0.0780392156862745,-0.009901960784313726,0.6274509803921569,1,10,2,3,0.825,0.425
Wyndham Clark,87,-0.39919540229885064,-0.1327586206896552,-0.5981609195402299,0.06689655172413793,0.24988505747126438,0.5402298850574713,0,3,2,1,0.9,0.87
Xander Schauffele,96,0.94125,0.3897916666666667,0.29041666666666666,0.025729166666666664,0.23552083333333332,0.7916666666666666,2,24,0,0,0.84,0.885
Xinjun Zhang,63,-0.7098412698412698,-0.050793650793650794,-0.2365079365079365,-0.09206349206349206,-0.33126984126984127,0.38095238095238093,0,3,1,2,0.65,0.365
Y.E. Yang,16,-1.3725,-0.593125,-0.448125,-0.22874999999999998,-0.143125,0.3125,0,0,3,3,0.49,0.885
Yuta Ikeda,13,-1.3346153846153848,-0.3123076923076923,-0.05461538461538462,-0.15923076923076926,-0.8107692307692308,0.46153846153846156,0,0,1,2,0.645,0.98
Zac Blair,104,-0.5383653846153846,-0.2605769230769231,-0.36230769230769233,0.03874999999999999,0.04653846153846154,0.5288461538461539,0,4,2,1,0.955,0.44
Zach Johnson,129,0.37410852713178294,-0.11860465116279069,0.17348837209302326,0.1251937984496124,0.18503875968992248,0.7364341085271318,0,16,2,3,0.725,0.82
Zack Sucher,47,-0.6776595744680851,-0.13340425531914893,-0.1561702127659574,-0.10042553191489362,-0.28617021276595744,0.44680851063829785,0,1,1,2,0.545,0.38
Zecheng Dou,16,-1.694375,-0.21562499999999998,-0.284375,-0.28125,-0.913125,0.1875,0,0,1,2,0.685,0.99
